date,channel,characters,posts,responses,reactions,attachments
2019-02-25,-announcements,175,5,0,0,0
2019-02-26,-announcements,35,1,0,0,0
2019-02-27,-announcements,1580,15,7,9,0
2019-02-28,-announcements,2535,16,13,7,1
2019-03-01,-announcements,6782,11,31,37,7
2019-03-02,-announcements,1359,7,1,2,0
2019-03-03,-announcements,2687,5,9,9,2
2019-03-04,-announcements,5818,8,27,24,2
2019-03-05,-announcements,8575,17,63,72,1
2019-03-06,-announcements,1163,8,0,26,3
2019-03-07,-announcements,1698,7,3,18,2
2019-03-08,-announcements,264,2,1,0,0
2019-03-09,-announcements,152,1,0,1,0
2019-03-10,-announcements,1589,1,1,5,1
2019-03-11,-announcements,614,2,0,4,1
2019-03-12,-announcements,809,3,0,12,2
2019-03-13,-announcements,107,1,0,8,0
2019-03-14,-announcements,1420,6,0,7,0
2019-03-15,-announcements,618,1,2,5,1
2019-03-17,-announcements,338,1,1,3,1
2019-03-18,-announcements,374,1,0,5,1
2019-03-20,-announcements,1188,7,0,3,1
2019-03-21,-announcements,139,1,0,1,1
2019-03-22,-announcements,991,2,0,4,1
2019-03-25,-announcements,179,1,0,2,0
2019-03-26,-announcements,233,1,0,3,1
2019-03-27,-announcements,63,1,0,4,0
2019-03-29,-announcements,188,2,0,8,0
2019-04-01,-announcements,273,2,2,4,1
2019-04-03,-announcements,1249,2,4,10,1
2019-04-04,-announcements,622,4,3,9,2
2019-04-05,-announcements,337,2,1,5,2
2019-02-25,-events,447,7,1,1,1
2019-02-26,-events,1020,4,3,4,0
2019-02-27,-events,557,12,1,0,0
2019-02-28,-events,150,0,1,0,0
2019-03-02,-events,632,3,0,2,3
2019-03-03,-events,93,1,0,1,0
2019-03-04,-events,1914,4,4,7,3
2019-03-05,-events,2315,6,9,9,1
2019-03-06,-events,531,1,1,1,0
2019-03-07,-events,585,2,2,1,2
2019-03-08,-events,334,2,1,4,2
2019-03-09,-events,364,1,0,1,1
2019-03-11,-events,121,1,2,0,0
2019-03-12,-events,1107,4,5,6,3
2019-03-13,-events,1183,3,6,3,4
2019-03-14,-events,1767,6,4,7,3
2019-03-15,-events,701,2,3,3,2
2019-03-17,-events,575,0,3,1,0
2019-03-18,-events,495,1,8,1,0
2019-03-19,-events,1665,6,6,5,3
2019-03-20,-events,1127,4,11,7,2
2019-03-21,-events,1132,4,1,8,2
2019-03-22,-events,248,1,2,2,1
2019-03-24,-events,571,2,0,2,1
2019-03-25,-events,1110,1,3,2,1
2019-03-26,-events,1078,4,1,2,3
2019-03-27,-events,1411,1,1,5,1
2019-03-28,-events,76,1,0,1,1
2019-03-30,-events,403,1,0,1,1
2019-04-01,-events,489,3,0,2,3
2019-04-02,-events,1732,1,11,7,2
2019-04-03,-events,833,1,2,1,1
2019-04-04,-events,63,1,0,0,0
2019-04-05,-events,582,1,2,0,0
2019-04-06,-events,177,1,0,1,0
2019-02-25,-introductions,2671,10,7,13,0
2019-02-26,-introductions,696,4,2,1,0
2019-02-27,-introductions,13311,31,46,56,5
2019-02-28,-introductions,62792,100,177,267,33
2019-03-01,-introductions,76753,100,307,214,28
2019-03-02,-introductions,41007,36,172,80,32
2019-03-03,-introductions,55889,40,216,110,19
2019-03-04,-introductions,61135,93,238,203,33
2019-03-05,-introductions,39905,74,129,145,22
2019-03-06,-introductions,32187,41,130,90,8
2019-03-07,-introductions,19354,27,70,50,4
2019-03-08,-introductions,18330,23,53,48,9
2019-03-09,-introductions,5165,8,26,21,0
2019-03-10,-introductions,5683,10,19,27,3
2019-03-11,-introductions,11969,15,51,47,0
2019-03-12,-introductions,14840,17,53,43,8
2019-03-13,-introductions,13773,14,41,41,4
2019-03-14,-introductions,11826,18,23,31,4
2019-03-15,-introductions,15102,20,34,40,4
2019-03-16,-introductions,12000,9,49,25,3
2019-03-17,-introductions,3404,3,15,6,2
2019-03-18,-introductions,10008,8,25,14,4
2019-03-19,-introductions,8285,11,35,27,3
2019-03-20,-introductions,15675,14,48,35,5
2019-03-21,-introductions,5041,5,12,17,1
2019-03-22,-introductions,7931,13,22,31,4
2019-03-23,-introductions,1515,1,3,2,0
2019-03-24,-introductions,1288,1,12,6,0
2019-03-25,-introductions,3456,7,11,12,3
2019-03-26,-introductions,4464,3,21,10,1
2019-03-27,-introductions,5228,9,18,19,4
2019-03-28,-introductions,4950,9,11,21,3
2019-03-29,-introductions,981,2,3,2,0
2019-03-30,-introductions,1421,2,4,5,1
2019-03-31,-introductions,401,2,2,2,1
2019-04-01,-introductions,12285,8,29,10,1
2019-04-02,-introductions,1011,1,7,1,0
2019-04-03,-introductions,2683,2,10,8,0
2019-04-04,-introductions,5811,9,13,14,2
2019-04-05,-introductions,3346,2,12,5,0
2019-04-06,-introductions,453,0,2,0,0
2019-04-07,-introductions,240,0,2,0,0
2019-03-07,-open-discussion,854,24,0,2,0
2019-03-08,-open-discussion,1475,8,4,5,2
2019-03-09,-open-discussion,2219,2,8,5,1
2019-03-10,-open-discussion,231,0,2,2,0
2019-03-11,-open-discussion,139,0,1,0,0
2019-03-12,-open-discussion,1027,2,10,3,2
2019-03-13,-open-discussion,922,2,4,2,1
2019-03-14,-open-discussion,5993,4,27,7,2
2019-03-15,-open-discussion,6281,3,13,8,1
2019-03-16,-open-discussion,111,0,1,0,0
2019-03-17,-open-discussion,486,1,1,1,1
2019-03-18,-open-discussion,3065,0,7,5,0
2019-03-19,-open-discussion,6793,3,14,11,2
2019-03-20,-open-discussion,4768,0,7,0,2
2019-03-21,-open-discussion,16087,3,38,19,2
2019-03-22,-open-discussion,7570,0,14,13,0
2019-03-24,-open-discussion,3274,1,16,7,4
2019-03-25,-open-discussion,251,0,1,0,0
2019-03-27,-open-discussion,1536,3,5,4,1
2019-03-29,-open-discussion,1618,0,2,1,0
2019-04-02,-open-discussion,3129,3,17,7,1
2019-04-03,-open-discussion,1401,0,8,6,0
2019-04-04,-open-discussion,3499,4,6,1,1
2019-04-05,-open-discussion,1206,3,10,12,1
2019-04-06,-open-discussion,1111,2,11,12,0
2019-04-07,-open-discussion,650,1,7,1,2
2019-02-25,-topics-in-data-viz,175,5,0,0,0
2019-02-26,-topics-in-data-viz,1169,4,5,5,0
2019-02-27,-topics-in-data-viz,2519,14,7,7,0
2019-02-28,-topics-in-data-viz,18082,17,54,51,3
2019-03-01,-topics-in-data-viz,12966,7,36,15,4
2019-03-02,-topics-in-data-viz,5801,1,15,6,3
2019-03-03,-topics-in-data-viz,6418,0,17,6,1
2019-03-04,-topics-in-data-viz,3380,2,10,7,2
2019-03-05,-topics-in-data-viz,546,0,3,1,0
2019-03-06,-topics-in-data-viz,2918,4,13,6,1
2019-03-07,-topics-in-data-viz,4738,2,3,2,1
2019-03-08,-topics-in-data-viz,3439,5,1,7,0
2019-03-09,-topics-in-data-viz,800,0,4,1,0
2019-03-10,-topics-in-data-viz,9579,1,39,12,0
2019-03-11,-topics-in-data-viz,18973,17,50,32,3
2019-03-12,-topics-in-data-viz,9902,3,26,13,1
2019-03-13,-topics-in-data-viz,9667,6,19,12,0
2019-03-14,-topics-in-data-viz,7129,5,17,10,0
2019-03-15,-topics-in-data-viz,2105,1,6,2,0
2019-03-16,-topics-in-data-viz,2866,3,10,3,2
2019-03-17,-topics-in-data-viz,2929,2,5,3,0
2019-03-18,-topics-in-data-viz,121,1,1,0,0
2019-03-19,-topics-in-data-viz,4523,1,5,7,1
2019-03-20,-topics-in-data-viz,3826,0,8,0,0
2019-03-21,-topics-in-data-viz,2129,0,2,0,0
2019-03-22,-topics-in-data-viz,1651,3,10,5,0
2019-03-23,-topics-in-data-viz,414,0,3,0,2
2019-03-25,-topics-in-data-viz,6623,5,8,10,0
2019-03-26,-topics-in-data-viz,14386,10,19,23,3
2019-03-27,-topics-in-data-viz,6929,7,9,15,0
2019-03-28,-topics-in-data-viz,3928,2,18,11,2
2019-03-29,-topics-in-data-viz,4625,2,14,7,0
2019-03-30,-topics-in-data-viz,3678,1,4,5,0
2019-04-01,-topics-in-data-viz,2666,1,1,2,0
2019-04-02,-topics-in-data-viz,29,0,1,0,0
2019-04-03,-topics-in-data-viz,3186,1,9,5,0
2019-04-04,-topics-in-data-viz,87,1,0,2,0
2019-04-05,-topics-in-data-viz,4000,1,3,3,0
2019-04-06,-topics-in-data-viz,476,1,1,1,0
2019-04-04,audience-kids,2340,21,4,3,1
2019-04-05,audience-kids,989,3,1,0,0
2019-04-06,audience-kids,1292,2,4,2,0
2019-04-07,audience-kids,35,1,0,0,0
2019-04-04,audience-scientists,4650,28,21,9,3
2019-04-05,audience-scientists,2214,3,7,2,2
2019-04-06,audience-scientists,2240,1,6,2,1
2019-04-07,audience-scientists,600,0,1,0,0
2019-03-05,connect-academia,1594,29,1,6,0
2019-03-06,connect-academia,3932,6,8,5,3
2019-03-07,connect-academia,1419,4,4,6,2
2019-03-08,connect-academia,11405,6,21,10,4
2019-03-09,connect-academia,87,1,0,0,1
2019-03-11,connect-academia,286,0,2,1,0
2019-03-12,connect-academia,1569,5,5,2,1
2019-03-13,connect-academia,607,4,3,2,2
2019-03-14,connect-academia,1392,4,5,2,2
2019-03-16,connect-academia,296,0,1,0,1
2019-03-18,connect-academia,2360,6,1,1,0
2019-03-19,connect-academia,3363,1,11,2,0
2019-03-20,connect-academia,1183,1,3,2,2
2019-03-26,connect-academia,4499,5,8,6,0
2019-03-27,connect-academia,2043,3,3,3,3
2019-03-28,connect-academia,288,1,2,0,1
2019-04-01,connect-academia,1376,1,1,3,0
2019-04-03,connect-academia,2498,2,7,3,1
2019-04-04,connect-academia,4595,2,9,2,4
2019-04-05,connect-academia,3181,3,9,6,2
2019-04-06,connect-academia,74,0,1,0,0
2019-03-01,connect-freelance,2189,26,7,7,0
2019-03-02,connect-freelance,931,1,2,3,0
2019-03-03,connect-freelance,288,0,2,1,0
2019-03-04,connect-freelance,1156,3,7,4,2
2019-03-07,connect-freelance,165,0,1,0,0
2019-03-08,connect-freelance,775,2,4,2,1
2019-03-12,connect-freelance,558,0,2,0,0
2019-03-13,connect-freelance,2231,1,3,1,1
2019-03-15,connect-freelance,166,0,2,1,0
2019-03-16,connect-freelance,1505,0,3,2,0
2019-03-17,connect-freelance,2209,5,11,0,1
2019-03-18,connect-freelance,668,0,6,1,0
2019-03-19,connect-freelance,152,0,2,0,0
2019-03-20,connect-freelance,1881,4,8,2,3
2019-03-21,connect-freelance,457,0,3,0,1
2019-03-22,connect-freelance,12,0,1,0,0
2019-03-24,connect-freelance,75,0,1,0,0
2019-03-25,connect-freelance,251,0,1,0,0
2019-03-28,connect-freelance,2019,2,3,2,1
2019-03-29,connect-freelance,862,0,4,0,0
2019-03-31,connect-freelance,203,0,1,0,0
2019-04-01,connect-freelance,282,1,0,1,0
2019-04-02,connect-freelance,3051,0,5,2,0
2019-04-03,connect-freelance,192,0,1,0,0
2019-04-04,connect-freelance,755,1,2,1,0
2019-04-06,connect-freelance,482,0,2,1,0
2019-03-02,connect-gov-civic,1990,28,6,5,2
2019-03-03,connect-gov-civic,116,0,1,0,0
2019-03-04,connect-gov-civic,8061,3,15,2,2
2019-03-05,connect-gov-civic,827,0,3,2,1
2019-03-06,connect-gov-civic,2150,3,9,3,1
2019-03-07,connect-gov-civic,2527,1,8,3,2
2019-03-08,connect-gov-civic,227,0,2,0,0
2019-03-09,connect-gov-civic,355,1,2,2,1
2019-03-11,connect-gov-civic,970,0,5,1,2
2019-03-12,connect-gov-civic,582,1,1,1,0
2019-03-13,connect-gov-civic,33,0,1,0,0
2019-03-14,connect-gov-civic,57,1,1,0,0
2019-03-22,connect-gov-civic,73,0,1,2,0
2019-04-01,connect-gov-civic,382,1,3,1,0
2019-04-02,connect-gov-civic,4398,0,7,0,0
2019-04-04,connect-gov-civic,80,1,0,0,0
2019-04-04,connect-hr-analytics,1568,13,2,0,0
2019-04-05,connect-hr-analytics,35,1,0,0,0
2019-04-06,connect-hr-analytics,2912,2,2,3,1
2019-04-07,connect-hr-analytics,35,1,0,0,0
2019-03-06,connect-journalism,1241,24,0,4,0
2019-03-07,connect-journalism,1716,3,4,2,1
2019-03-09,connect-journalism,408,0,4,0,0
2019-03-11,connect-journalism,677,4,1,3,1
2019-03-12,connect-journalism,431,1,1,1,2
2019-03-13,connect-journalism,204,3,0,2,1
2019-03-14,connect-journalism,1173,5,10,4,3
2019-03-18,connect-journalism,2530,4,12,1,2
2019-03-19,connect-journalism,1832,4,4,1,1
2019-03-20,connect-journalism,894,0,6,0,0
2019-03-22,connect-journalism,443,0,3,0,0
2019-03-23,connect-journalism,63,0,1,0,0
2019-03-25,connect-journalism,1256,1,7,6,3
2019-03-28,connect-journalism,35,1,0,1,0
2019-04-04,connect-journalism,137,2,0,0,1
2019-03-02,connect-meetup-leads,875,21,0,0,0
2019-03-04,connect-meetup-leads,1689,4,1,0,1
2019-03-05,connect-meetup-leads,1495,2,4,2,2
2019-03-06,connect-meetup-leads,1015,1,4,0,0
2019-03-07,connect-meetup-leads,35,1,0,0,0
2019-03-08,connect-meetup-leads,746,4,4,2,0
2019-03-09,connect-meetup-leads,663,1,2,1,1
2019-03-10,connect-meetup-leads,19,0,1,0,0
2019-03-13,connect-meetup-leads,877,1,4,4,0
2019-03-14,connect-meetup-leads,1155,1,2,1,0
2019-03-15,connect-meetup-leads,3058,4,20,6,0
2019-03-16,connect-meetup-leads,270,0,2,0,0
2019-03-18,connect-meetup-leads,1025,1,5,0,2
2019-03-19,connect-meetup-leads,829,1,3,3,0
2019-03-20,connect-meetup-leads,255,0,5,3,0
2019-03-23,connect-meetup-leads,235,1,0,0,0
2019-03-24,connect-meetup-leads,538,0,1,0,0
2019-03-31,connect-meetup-leads,417,1,1,0,1
2019-04-02,connect-meetup-leads,35,1,0,0,0
2019-04-04,connect-meetup-leads,231,2,1,0,0
2019-04-05,connect-meetup-leads,290,1,3,5,0
2019-03-14,connect-newbie,4502,38,4,15,2
2019-03-15,connect-newbie,1739,2,7,3,3
2019-03-16,connect-newbie,1581,3,2,3,1
2019-03-18,connect-newbie,31,0,1,1,0
2019-03-19,connect-newbie,1702,3,5,3,0
2019-03-20,connect-newbie,4785,1,8,6,1
2019-03-21,connect-newbie,2893,3,9,6,2
2019-03-22,connect-newbie,2853,3,10,13,2
2019-03-23,connect-newbie,237,0,1,0,0
2019-03-25,connect-newbie,1458,0,11,2,0
2019-03-26,connect-newbie,153,0,2,0,0
2019-03-27,connect-newbie,22,0,1,1,0
2019-03-28,connect-newbie,103,0,1,1,0
2019-03-31,connect-newbie,23,0,1,1,0
2019-04-01,connect-newbie,1287,1,8,5,1
2019-04-02,connect-newbie,46,0,1,0,0
2019-04-03,connect-newbie,5088,1,14,11,3
2019-04-04,connect-newbie,401,1,1,1,1
2019-04-05,connect-newbie,1234,0,7,2,1
2019-04-04,connect-nonprofit,707,17,0,0,0
2019-04-07,connect-nonprofit,70,2,0,0,0
2019-04-04,connect-speaking,669,14,0,0,0
2019-04-05,connect-speaking,175,5,0,0,0
2019-04-07,connect-speaking,35,1,0,0,0
2019-03-14,connect-team-up,861,21,0,0,0
2019-03-15,connect-team-up,253,3,0,2,0
2019-03-22,connect-team-up,1156,1,9,1,1
2019-03-24,connect-team-up,106,0,1,1,0
2019-03-25,connect-team-up,684,1,8,2,1
2019-03-26,connect-team-up,484,1,6,1,0
2019-03-27,connect-team-up,1452,0,14,2,0
2019-03-28,connect-team-up,209,0,3,1,0
2019-04-04,connect-team-up,72,1,0,0,0
2019-03-19,dvs-chapter-thinkers,2016,18,3,2,0
2019-03-20,dvs-chapter-thinkers,10802,6,29,13,0
2019-03-21,dvs-chapter-thinkers,433,3,0,2,0
2019-03-22,dvs-chapter-thinkers,35,1,0,0,0
2019-03-23,dvs-chapter-thinkers,35,1,0,0,0
2019-03-26,dvs-chapter-thinkers,398,1,0,1,0
2019-03-27,dvs-chapter-thinkers,2125,4,3,1,0
2019-03-28,dvs-chapter-thinkers,893,0,8,4,0
2019-04-03,dvs-chapter-thinkers,2485,1,5,1,0
2019-04-04,dvs-chapter-thinkers,182,1,1,0,0
2019-03-22,dvs-com-tech,6551,27,12,9,2
2019-03-23,dvs-com-tech,8687,10,30,7,2
2019-03-24,dvs-com-tech,626,1,5,1,0
2019-03-25,dvs-com-tech,1185,3,1,1,0
2019-03-28,dvs-com-tech,1265,1,3,0,0
2019-04-03,dvs-com-tech,1686,2,3,2,1
2019-04-04,dvs-com-tech,81,1,0,0,0
2019-02-25,dvs-suggestions,175,5,0,0,0
2019-02-26,dvs-suggestions,35,1,0,0,0
2019-02-27,dvs-suggestions,1260,12,6,3,2
2019-02-28,dvs-suggestions,6006,11,28,20,0
2019-03-01,dvs-suggestions,10422,12,60,27,2
2019-03-02,dvs-suggestions,7356,9,42,29,2
2019-03-03,dvs-suggestions,7662,8,65,33,2
2019-03-04,dvs-suggestions,9731,8,64,30,1
2019-03-05,dvs-suggestions,10213,14,58,27,5
2019-03-06,dvs-suggestions,10466,20,61,45,4
2019-03-07,dvs-suggestions,4219,7,32,23,1
2019-03-08,dvs-suggestions,3641,8,16,10,1
2019-03-09,dvs-suggestions,3534,1,15,2,1
2019-03-10,dvs-suggestions,3760,3,15,6,2
2019-03-11,dvs-suggestions,1157,0,9,2,1
2019-03-12,dvs-suggestions,6628,22,29,15,2
2019-03-13,dvs-suggestions,2535,2,13,2,0
2019-03-14,dvs-suggestions,1635,0,14,4,0
2019-03-15,dvs-suggestions,925,3,4,5,0
2019-03-16,dvs-suggestions,1815,3,13,5,0
2019-03-17,dvs-suggestions,1130,2,8,5,0
2019-03-18,dvs-suggestions,1849,5,10,5,2
2019-03-19,dvs-suggestions,1036,2,7,6,0
2019-03-20,dvs-suggestions,2980,6,15,28,1
2019-03-21,dvs-suggestions,11691,4,27,15,1
2019-03-22,dvs-suggestions,3993,4,19,8,1
2019-03-23,dvs-suggestions,3964,2,17,8,1
2019-03-24,dvs-suggestions,1791,1,10,5,1
2019-03-25,dvs-suggestions,271,1,1,1,0
2019-03-26,dvs-suggestions,2566,1,14,6,0
2019-03-27,dvs-suggestions,2261,1,12,5,0
2019-03-29,dvs-suggestions,510,1,4,3,1
2019-03-30,dvs-suggestions,309,1,2,0,0
2019-03-31,dvs-suggestions,66,0,1,1,0
2019-04-01,dvs-suggestions,171,0,2,0,0
2019-04-04,dvs-suggestions,1810,3,21,7,1
2019-04-05,dvs-suggestions,506,1,3,3,0
2019-04-04,help-code,1239,20,1,4,0
2019-04-05,help-code,2383,6,2,1,0
2019-04-06,help-code,527,3,1,1,1
2019-04-07,help-code,4482,1,15,3,2
2019-04-04,help-design,1638,21,6,0,2
2019-04-05,help-design,406,1,2,0,1
2019-04-06,help-design,502,1,0,1,0
2019-04-07,help-design,319,0,3,0,0
2019-02-27,help-general,1150,19,2,1,0
2019-02-28,help-general,4323,2,15,8,2
2019-03-01,help-general,8119,7,45,18,11
2019-03-02,help-general,2676,1,11,8,4
2019-03-03,help-general,1182,1,10,0,1
2019-03-04,help-general,6408,6,25,14,6
2019-03-05,help-general,14666,8,55,30,13
2019-03-06,help-general,5935,3,21,11,6
2019-03-07,help-general,4462,2,17,7,4
2019-03-08,help-general,5802,4,31,11,2
2019-03-09,help-general,7061,3,19,8,4
2019-03-10,help-general,8091,4,26,10,4
2019-03-11,help-general,8106,4,31,8,5
2019-03-12,help-general,4120,5,15,2,3
2019-03-13,help-general,5562,5,23,5,2
2019-03-14,help-general,12333,5,69,25,16
2019-03-15,help-general,4152,2,18,9,3
2019-03-16,help-general,3601,4,22,12,5
2019-03-17,help-general,5441,2,23,2,3
2019-03-18,help-general,2428,3,11,5,2
2019-03-19,help-general,5166,3,22,6,5
2019-03-20,help-general,4146,3,23,9,5
2019-03-21,help-general,1326,2,15,0,1
2019-03-22,help-general,701,2,3,5,1
2019-03-23,help-general,89,0,1,0,0
2019-03-24,help-general,713,2,2,1,0
2019-03-25,help-general,4183,4,9,2,0
2019-03-26,help-general,2509,3,14,6,2
2019-03-27,help-general,788,1,11,0,2
2019-03-28,help-general,1094,2,9,1,0
2019-03-29,help-general,2019,4,9,1,4
2019-03-30,help-general,7172,1,7,3,1
2019-03-31,help-general,4219,0,9,2,0
2019-04-01,help-general,11159,4,20,4,4
2019-04-02,help-general,2140,3,5,7,1
2019-04-03,help-general,6256,4,33,11,2
2019-04-04,help-general,6016,3,32,6,1
2019-04-05,help-general,318,0,1,0,0
2019-04-06,help-general,337,1,1,0,1
2019-04-07,help-general,296,1,2,1,1
2019-02-27,help-slack,1558,25,0,3,0
2019-03-02,help-slack,227,2,1,9,1
2019-03-03,help-slack,36,0,1,0,0
2019-03-04,help-slack,421,3,2,6,1
2019-03-05,help-slack,917,2,9,5,0
2019-03-06,help-slack,1084,1,10,4,1
2019-03-07,help-slack,2763,2,9,3,2
2019-03-08,help-slack,107,0,2,1,0
2019-03-10,help-slack,1653,1,3,3,0
2019-03-11,help-slack,39,0,1,0,0
2019-03-12,help-slack,1396,0,4,2,0
2019-03-13,help-slack,2024,2,12,2,1
2019-03-14,help-slack,473,1,3,2,1
2019-03-15,help-slack,75,0,1,0,0
2019-03-16,help-slack,559,1,2,1,0
2019-03-19,help-slack,254,0,2,0,0
2019-03-20,help-slack,138,0,1,0,0
2019-03-22,help-slack,505,1,3,2,1
2019-03-23,help-slack,949,1,3,1,0
2019-03-26,help-slack,258,0,1,1,0
2019-04-02,help-slack,851,2,2,2,1
2019-04-03,help-slack,2439,2,13,4,1
2019-04-04,help-slack,521,2,3,1,0
2019-03-20,location-africa,273,6,0,0,0
2019-03-21,location-africa,1853,6,1,5,2
2019-03-22,location-africa,1074,2,0,3,0
2019-03-23,location-africa,70,2,0,1,0
2019-03-24,location-africa,658,1,0,0,0
2019-03-25,location-africa,328,3,2,1,0
2019-03-26,location-africa,529,1,1,1,0
2019-03-28,location-africa,444,0,2,0,0
2019-04-01,location-africa,433,1,1,1,0
2019-04-02,location-africa,145,1,1,2,0
2019-04-05,location-africa,662,2,0,2,0
2019-04-06,location-africa,161,0,1,0,0
2019-04-07,location-africa,35,1,0,0,0
2019-03-07,location-apac,2112,29,1,5,0
2019-03-08,location-apac,1515,8,3,3,0
2019-03-10,location-apac,35,2,0,0,1
2019-03-11,location-apac,242,1,1,2,0
2019-03-12,location-apac,303,0,2,0,0
2019-03-13,location-apac,366,3,0,2,2
2019-03-15,location-apac,138,2,0,0,0
2019-03-18,location-apac,175,1,0,1,0
2019-03-19,location-apac,716,3,2,8,1
2019-03-20,location-apac,614,7,1,3,0
2019-03-21,location-apac,306,2,2,3,0
2019-03-22,location-apac,718,1,1,1,0
2019-03-24,location-apac,1252,1,3,1,1
2019-03-25,location-apac,714,2,2,1,1
2019-03-26,location-apac,488,1,5,1,0
2019-03-27,location-apac,1280,2,5,2,1
2019-03-29,location-apac,496,0,3,3,0
2019-03-30,location-apac,621,0,3,0,0
2019-03-31,location-apac,90,2,1,2,1
2019-04-02,location-apac,2087,1,4,3,0
2019-04-07,location-apac,179,0,2,0,0
2019-03-20,location-atlanta,541,13,0,1,0
2019-03-21,location-atlanta,35,1,0,0,0
2019-03-23,location-atlanta,70,2,0,0,0
2019-03-27,location-atlanta,35,1,0,0,0
2019-03-28,location-atlanta,35,1,0,0,0
2019-04-07,location-atlanta,107,3,0,0,0
2019-03-05,location-canada,1456,27,1,4,1
2019-03-06,location-canada,715,7,3,4,1
2019-03-07,location-canada,927,4,5,4,0
2019-03-08,location-canada,447,4,2,4,1
2019-03-10,location-canada,47,0,1,1,0
2019-03-11,location-canada,172,0,3,0,0
2019-03-12,location-canada,263,4,2,2,0
2019-03-13,location-canada,400,1,3,0,0
2019-03-14,location-canada,389,2,2,3,0
2019-03-15,location-canada,220,1,1,1,0
2019-03-16,location-canada,72,1,0,0,1
2019-03-18,location-canada,94,2,0,2,0
2019-03-19,location-canada,1406,3,4,3,2
2019-03-21,location-canada,523,2,0,3,2
2019-03-22,location-canada,479,3,0,3,2
2019-03-24,location-canada,658,1,0,1,0
2019-03-25,location-canada,406,0,2,1,1
2019-03-30,location-canada,525,1,2,0,1
2019-04-06,location-canada,1087,2,5,2,2
2019-03-02,location-chicago,371,9,0,0,0
2019-03-03,location-chicago,658,12,1,4,0
2019-03-04,location-chicago,2062,13,4,15,1
2019-03-05,location-chicago,591,2,2,4,0
2019-03-07,location-chicago,935,5,4,3,2
2019-03-08,location-chicago,35,1,0,0,0
2019-03-09,location-chicago,501,4,2,6,0
2019-03-10,location-chicago,28,0,1,0,0
2019-03-11,location-chicago,372,4,1,4,1
2019-03-12,location-chicago,704,3,1,6,1
2019-03-13,location-chicago,469,0,5,0,0
2019-03-14,location-chicago,148,1,2,0,0
2019-03-15,location-chicago,117,1,0,2,1
2019-03-16,location-chicago,173,1,0,2,0
2019-03-19,location-chicago,380,2,1,1,1
2019-03-20,location-chicago,35,1,0,0,0
2019-03-25,location-chicago,261,1,0,2,1
2019-04-03,location-chicago,107,1,0,0,1
2019-03-05,location-dc,476,12,0,1,1
2019-03-06,location-dc,873,12,3,5,1
2019-03-07,location-dc,121,1,0,2,1
2019-03-11,location-dc,373,1,4,1,1
2019-03-15,location-dc,474,1,1,1,0
2019-03-17,location-dc,59,1,0,1,0
2019-03-18,location-dc,292,0,2,0,0
2019-03-06,location-europe,4935,33,10,12,0
2019-03-07,location-europe,8533,22,36,29,4
2019-03-08,location-europe,698,3,2,3,1
2019-03-09,location-europe,181,2,1,1,3
2019-03-11,location-europe,43,1,0,2,0
2019-03-12,location-europe,642,4,2,5,0
2019-03-13,location-europe,283,2,2,1,0
2019-03-14,location-europe,430,1,5,0,0
2019-03-15,location-europe,368,0,4,2,0
2019-03-16,location-europe,1273,3,6,1,2
2019-03-17,location-europe,2708,4,12,6,1
2019-03-18,location-europe,851,0,5,2,2
2019-03-19,location-europe,2314,8,13,10,1
2019-03-20,location-europe,726,3,4,3,1
2019-03-21,location-europe,647,1,0,1,1
2019-03-22,location-europe,35,1,0,0,0
2019-03-23,location-europe,597,2,0,1,1
2019-03-24,location-europe,2595,4,10,6,1
2019-03-25,location-europe,743,3,3,3,0
2019-03-26,location-europe,1820,8,14,4,3
2019-03-27,location-europe,1284,3,14,6,2
2019-03-28,location-europe,431,4,3,2,0
2019-03-30,location-europe,835,2,0,1,1
2019-03-31,location-europe,155,0,2,1,1
2019-04-01,location-europe,70,2,0,0,0
2019-04-02,location-europe,111,0,2,0,0
2019-04-03,location-europe,927,3,0,2,1
2019-04-04,location-europe,1023,2,4,3,1
2019-03-06,location-newengland,4524,20,9,8,0
2019-03-07,location-newengland,4241,14,18,13,0
2019-03-08,location-newengland,2934,2,13,2,0
2019-03-09,location-newengland,1513,1,5,3,0
2019-03-10,location-newengland,107,1,1,1,0
2019-03-11,location-newengland,1066,0,5,1,0
2019-03-12,location-newengland,355,0,2,0,1
2019-03-13,location-newengland,2223,3,21,11,2
2019-03-14,location-newengland,933,2,3,2,0
2019-03-15,location-newengland,1458,1,9,4,0
2019-03-16,location-newengland,256,1,0,1,0
2019-03-17,location-newengland,691,0,5,0,0
2019-03-18,location-newengland,1189,2,4,3,0
2019-03-19,location-newengland,1449,3,4,1,1
2019-03-20,location-newengland,292,0,2,0,0
2019-03-21,location-newengland,212,0,1,0,0
2019-03-22,location-newengland,1236,1,4,1,0
2019-03-23,location-newengland,555,2,2,2,1
2019-03-25,location-newengland,63,0,1,0,0
2019-03-26,location-newengland,693,2,5,7,0
2019-03-27,location-newengland,186,0,4,1,0
2019-03-28,location-newengland,113,1,1,1,0
2019-03-29,location-newengland,878,1,3,2,1
2019-03-30,location-newengland,16,1,0,0,0
2019-04-01,location-newengland,2182,4,3,4,0
2019-04-02,location-newengland,751,1,3,2,1
2019-04-03,location-newengland,801,0,5,1,0
2019-04-04,location-newengland,40,1,0,0,0
2019-04-05,location-newengland,351,1,0,1,1
2019-04-06,location-newengland,374,1,1,1,0
2019-03-05,location-nyc,2022,35,6,14,1
2019-03-06,location-nyc,6657,14,36,33,3
2019-03-07,location-nyc,13386,16,59,48,5
2019-03-08,location-nyc,8175,9,43,17,7
2019-03-09,location-nyc,461,1,3,1,0
2019-03-10,location-nyc,753,4,4,1,0
2019-03-11,location-nyc,1260,1,13,0,3
2019-03-12,location-nyc,345,1,0,2,0
2019-03-13,location-nyc,1442,2,7,3,1
2019-03-14,location-nyc,369,4,2,4,1
2019-03-15,location-nyc,2310,3,19,13,0
2019-03-17,location-nyc,224,1,2,0,0
2019-03-18,location-nyc,347,0,5,3,0
2019-03-19,location-nyc,1418,24,8,12,0
2019-03-20,location-nyc,1092,5,2,11,2
2019-03-21,location-nyc,77,0,1,0,0
2019-03-22,location-nyc,662,1,4,6,0
2019-03-24,location-nyc,251,1,0,2,0
2019-03-25,location-nyc,499,2,0,1,1
2019-03-26,location-nyc,1299,3,8,2,0
2019-03-29,location-nyc,757,3,3,4,1
2019-03-30,location-nyc,378,1,6,0,0
2019-03-31,location-nyc,808,1,8,1,1
2019-04-01,location-nyc,1116,2,10,1,2
2019-04-05,location-nyc,482,2,0,1,1
2019-03-06,location-seattle,426,10,0,0,0
2019-03-07,location-seattle,2091,10,3,7,1
2019-03-08,location-seattle,70,2,0,0,0
2019-03-09,location-seattle,35,1,0,0,0
2019-03-11,location-seattle,35,1,0,0,0
2019-03-12,location-seattle,155,1,1,0,0
2019-03-13,location-seattle,35,1,0,0,0
2019-03-14,location-seattle,661,3,1,2,3
2019-03-18,location-seattle,464,0,1,0,0
2019-03-19,location-seattle,1084,2,6,0,0
2019-03-20,location-seattle,2214,8,8,5,1
2019-03-22,location-seattle,429,0,4,0,0
2019-02-28,location-uk,1184,16,4,4,1
2019-03-01,location-uk,315,9,0,0,0
2019-03-02,location-uk,35,1,0,0,0
2019-03-03,location-uk,70,2,0,0,0
2019-03-04,location-uk,959,3,2,3,3
2019-03-05,location-uk,2029,8,10,8,1
2019-03-06,location-uk,619,2,3,2,0
2019-03-07,location-uk,1697,3,12,6,3
2019-03-08,location-uk,111,1,2,1,1
2019-03-09,location-uk,70,1,0,2,0
2019-03-11,location-uk,537,1,2,3,0
2019-03-12,location-uk,632,1,4,1,0
2019-03-13,location-uk,574,1,1,2,1
2019-03-14,location-uk,6,0,1,1,0
2019-03-17,location-uk,552,1,2,2,0
2019-03-18,location-uk,1726,3,7,4,2
2019-03-19,location-uk,1316,1,7,2,0
2019-03-20,location-uk,1000,3,2,2,3
2019-03-21,location-uk,2111,4,9,1,3
2019-03-22,location-uk,889,3,2,3,1
2019-03-24,location-uk,658,1,0,1,0
2019-03-25,location-uk,992,4,3,3,0
2019-03-26,location-uk,469,1,3,3,1
2019-03-27,location-uk,291,4,1,1,1
2019-03-28,location-uk,742,1,3,1,0
2019-03-30,location-uk,35,1,0,0,0
2019-04-01,location-uk,801,2,0,2,1
2019-04-03,location-uk,1232,0,7,0,1
2019-04-04,location-uk,249,1,2,2,1
2019-02-21,share-critique,123,1,0,2,1
2019-02-25,share-critique,3513,26,0,7,0
2019-02-26,share-critique,2766,12,5,7,0
2019-02-27,share-critique,755,13,0,2,0
2019-02-28,share-critique,8001,2,18,15,1
2019-03-01,share-critique,4071,1,12,3,0
2019-03-02,share-critique,541,0,2,1,0
2019-03-03,share-critique,6763,2,14,9,0
2019-03-04,share-critique,10139,3,24,14,1
2019-03-05,share-critique,16555,7,58,18,8
2019-03-06,share-critique,17363,2,89,23,3
2019-03-07,share-critique,3349,1,11,3,0
2019-03-08,share-critique,6039,2,25,4,3
2019-03-09,share-critique,3183,3,8,2,1
2019-03-10,share-critique,23756,3,72,19,4
2019-03-11,share-critique,11405,5,31,12,1
2019-03-12,share-critique,9514,5,33,26,1
2019-03-13,share-critique,5993,1,19,12,2
2019-03-14,share-critique,4521,0,14,5,3
2019-03-15,share-critique,1595,0,3,2,0
2019-03-16,share-critique,1875,1,8,1,1
2019-03-17,share-critique,304,1,0,0,0
2019-03-18,share-critique,3076,2,5,3,0
2019-03-19,share-critique,2712,2,10,5,0
2019-03-20,share-critique,13213,6,28,11,3
2019-03-21,share-critique,3851,1,12,6,2
2019-03-22,share-critique,1417,1,8,6,4
2019-03-23,share-critique,364,1,3,4,1
2019-03-24,share-critique,643,0,3,0,0
2019-03-25,share-critique,12133,2,24,7,2
2019-03-26,share-critique,2226,1,5,6,1
2019-03-28,share-critique,72,0,1,1,0
2019-03-29,share-critique,2449,1,5,3,0
2019-03-30,share-critique,1293,2,6,6,1
2019-03-31,share-critique,3205,0,13,5,2
2019-04-01,share-critique,671,0,6,3,0
2019-04-02,share-critique,512,0,3,2,0
2019-04-04,share-critique,5618,4,19,8,3
2019-04-05,share-critique,2191,0,7,2,0
2019-04-06,share-critique,123,0,1,0,1
2019-04-07,share-critique,591,0,2,1,0
2019-02-27,share-inspiration,1674,19,9,7,2
2019-02-28,share-inspiration,3280,10,20,19,9
2019-03-01,share-inspiration,868,5,3,9,4
2019-03-02,share-inspiration,3842,4,8,14,3
2019-03-03,share-inspiration,2534,4,12,11,2
2019-03-04,share-inspiration,4716,6,25,12,6
2019-03-05,share-inspiration,7967,12,40,42,11
2019-03-06,share-inspiration,9548,18,58,35,10
2019-03-07,share-inspiration,6158,10,45,29,11
2019-03-08,share-inspiration,4778,8,26,21,10
2019-03-09,share-inspiration,2249,4,9,7,3
2019-03-10,share-inspiration,821,6,3,13,3
2019-03-11,share-inspiration,6186,8,37,32,8
2019-03-12,share-inspiration,3260,6,20,20,9
2019-03-13,share-inspiration,9747,12,46,53,11
2019-03-14,share-inspiration,3093,3,11,9,5
2019-03-15,share-inspiration,4981,6,24,11,8
2019-03-16,share-inspiration,1245,3,3,4,2
2019-03-17,share-inspiration,803,1,3,3,1
2019-03-18,share-inspiration,2184,6,8,8,6
2019-03-19,share-inspiration,4587,8,21,25,7
2019-03-20,share-inspiration,5189,6,20,14,7
2019-03-21,share-inspiration,618,1,6,1,2
2019-03-22,share-inspiration,1044,3,6,10,3
2019-03-23,share-inspiration,1251,5,5,11,3
2019-03-24,share-inspiration,423,1,2,1,1
2019-03-25,share-inspiration,7444,3,28,7,3
2019-03-26,share-inspiration,4008,5,22,8,5
2019-03-27,share-inspiration,4237,5,19,10,5
2019-03-28,share-inspiration,3249,6,19,11,5
2019-03-29,share-inspiration,1062,4,3,10,3
2019-03-30,share-inspiration,2066,3,9,4,4
2019-03-31,share-inspiration,2377,2,11,10,0
2019-04-01,share-inspiration,2198,2,14,3,4
2019-04-02,share-inspiration,5399,5,15,11,8
2019-04-03,share-inspiration,5191,4,7,6,1
2019-04-04,share-inspiration,2430,8,6,10,6
2019-04-05,share-inspiration,2507,4,13,3,10
2019-04-06,share-inspiration,140,1,1,3,0
2019-04-07,share-inspiration,74,0,2,0,0
2019-02-25,share-showcase,175,5,0,0,0
2019-02-26,share-showcase,5779,7,25,17,3
2019-02-27,share-showcase,6979,22,32,26,4
2019-02-28,share-showcase,2910,3,25,14,2
2019-03-01,share-showcase,6550,14,29,29,13
2019-03-02,share-showcase,1944,9,13,16,3
2019-03-03,share-showcase,3554,5,20,17,1
2019-03-04,share-showcase,10513,14,59,42,9
2019-03-05,share-showcase,10439,13,46,37,8
2019-03-06,share-showcase,4718,6,21,20,2
2019-03-07,share-showcase,6652,12,28,38,9
2019-03-08,share-showcase,2384,3,13,6,2
2019-03-09,share-showcase,10,0,1,0,0
2019-03-10,share-showcase,2114,5,11,10,1
2019-03-11,share-showcase,1555,1,12,7,2
2019-03-12,share-showcase,3016,9,15,15,3
2019-03-13,share-showcase,5283,6,18,9,3
2019-03-14,share-showcase,6791,4,36,30,5
2019-03-15,share-showcase,2123,5,6,21,0
2019-03-16,share-showcase,5872,8,22,12,2
2019-03-17,share-showcase,4189,3,10,6,0
2019-03-18,share-showcase,4660,4,12,21,3
2019-03-19,share-showcase,2796,5,8,18,2
2019-03-20,share-showcase,9844,8,27,22,6
2019-03-21,share-showcase,8963,7,33,31,4
2019-03-22,share-showcase,5925,4,21,19,3
2019-03-23,share-showcase,1159,0,13,4,1
2019-03-24,share-showcase,3080,3,16,15,2
2019-03-25,share-showcase,1106,2,3,9,3
2019-03-26,share-showcase,511,2,6,3,1
2019-03-27,share-showcase,1815,4,22,12,3
2019-03-28,share-showcase,1118,1,4,4,0
2019-03-29,share-showcase,525,1,3,3,0
2019-04-01,share-showcase,987,2,5,7,0
2019-04-02,share-showcase,7956,6,36,30,2
2019-04-03,share-showcase,3133,2,19,5,0
2019-04-04,share-showcase,4325,3,14,11,4
2019-04-05,share-showcase,6988,7,19,16,5
2019-04-06,share-showcase,1438,1,6,7,0
2019-04-07,share-showcase,2106,0,5,2,0
2019-03-07,spanish-general,622,12,0,0,0
2019-03-08,spanish-general,1839,18,2,3,0
2019-03-09,spanish-general,692,1,0,3,0
2019-03-10,spanish-general,356,1,1,2,0
2019-03-12,spanish-general,933,2,3,6,1
2019-03-13,spanish-general,1896,3,8,3,0
2019-03-14,spanish-general,944,0,9,1,0
2019-03-15,spanish-general,312,1,1,1,0
2019-03-16,spanish-general,901,1,6,1,0
2019-03-18,spanish-general,1593,1,4,4,1
2019-03-19,spanish-general,909,2,2,1,1
2019-03-20,spanish-general,1134,0,6,1,2
2019-03-21,spanish-general,377,0,3,2,1
2019-03-22,spanish-general,875,2,1,1,0
2019-03-24,spanish-general,1507,1,0,3,0
2019-03-25,spanish-general,928,2,3,1,1
2019-03-26,spanish-general,1928,1,6,2,1
2019-03-27,spanish-general,42,0,1,0,0
2019-04-01,spanish-general,159,1,0,0,0
2019-04-03,spanish-general,1498,1,6,1,0
2019-04-04,spanish-general,387,2,0,1,2
2019-04-05,spanish-general,446,0,4,0,0
2019-04-06,spanish-general,509,0,3,0,0
2019-03-02,topic-accessibility,1129,23,0,4,0
2019-03-03,topic-accessibility,1514,2,6,2,1
2019-03-04,topic-accessibility,1086,2,1,3,0
2019-03-05,topic-accessibility,245,1,0,2,1
2019-03-06,topic-accessibility,142,1,0,2,1
2019-03-07,topic-accessibility,1011,0,5,0,1
2019-03-08,topic-accessibility,1475,1,7,2,0
2019-03-09,topic-accessibility,518,0,2,3,0
2019-03-10,topic-accessibility,328,0,3,0,0
2019-03-12,topic-accessibility,4542,10,5,6,3
2019-03-13,topic-accessibility,1747,1,7,3,1
2019-03-21,topic-accessibility,35,1,0,0,0
2019-03-27,topic-accessibility,169,1,2,2,0
2019-03-28,topic-accessibility,3704,4,27,10,4
2019-03-29,topic-accessibility,916,0,2,1,1
2019-04-01,topic-accessibility,226,0,1,0,0
2019-04-02,topic-accessibility,2738,5,4,4,5
2019-04-03,topic-accessibility,579,1,1,0,0
2019-04-04,topic-accessibility,82,1,0,0,0
2019-04-06,topic-accessibility,1039,2,4,1,1
2019-03-02,topic-best-practices,2259,33,13,11,0
2019-03-03,topic-best-practices,3015,3,26,10,3
2019-03-04,topic-best-practices,2015,5,6,5,5
2019-03-05,topic-best-practices,2068,5,5,6,3
2019-03-06,topic-best-practices,1938,1,8,5,2
2019-03-07,topic-best-practices,3212,3,22,10,2
2019-03-08,topic-best-practices,10195,4,46,12,8
2019-03-09,topic-best-practices,7147,1,19,10,0
2019-03-10,topic-best-practices,5195,1,19,3,4
2019-03-11,topic-best-practices,747,0,4,1,1
2019-03-12,topic-best-practices,2557,3,7,6,3
2019-03-13,topic-best-practices,13428,2,32,15,3
2019-03-14,topic-best-practices,1462,2,5,4,3
2019-03-16,topic-best-practices,2662,2,19,4,3
2019-03-17,topic-best-practices,340,0,2,1,1
2019-03-18,topic-best-practices,991,1,4,1,0
2019-03-19,topic-best-practices,251,0,4,0,0
2019-03-20,topic-best-practices,357,1,4,2,1
2019-03-21,topic-best-practices,2950,0,13,6,0
2019-03-22,topic-best-practices,2975,2,11,10,2
2019-03-23,topic-best-practices,189,1,0,0,0
2019-03-24,topic-best-practices,281,0,3,0,0
2019-03-26,topic-best-practices,1348,3,7,3,1
2019-03-27,topic-best-practices,210,0,3,0,0
2019-03-29,topic-best-practices,491,0,6,2,0
2019-03-30,topic-best-practices,1774,2,6,9,0
2019-03-31,topic-best-practices,1293,0,5,4,1
2019-04-01,topic-best-practices,1870,1,3,0,0
2019-04-02,topic-best-practices,1838,0,10,7,2
2019-04-03,topic-best-practices,799,0,3,2,1
2019-04-04,topic-best-practices,367,2,1,2,2
2019-04-05,topic-best-practices,32,0,1,0,0
2019-04-07,topic-best-practices,645,2,1,3,0
2019-02-28,topic-career-advice,834,18,0,0,0
2019-03-01,topic-career-advice,569,5,2,2,0
2019-03-02,topic-career-advice,1219,3,6,7,2
2019-03-03,topic-career-advice,4320,4,17,10,2
2019-03-04,topic-career-advice,925,2,9,3,2
2019-03-05,topic-career-advice,4999,3,8,10,2
2019-03-06,topic-career-advice,2934,3,13,5,1
2019-03-07,topic-career-advice,442,0,3,0,0
2019-03-08,topic-career-advice,3462,1,11,8,0
2019-03-09,topic-career-advice,95,0,1,2,0
2019-03-10,topic-career-advice,321,0,3,1,1
2019-03-11,topic-career-advice,1124,2,6,9,3
2019-03-12,topic-career-advice,2376,1,6,0,0
2019-03-14,topic-career-advice,2355,2,5,2,2
2019-03-17,topic-career-advice,985,0,5,0,2
2019-03-23,topic-career-advice,1681,2,8,12,0
2019-03-24,topic-career-advice,317,0,2,1,0
2019-03-25,topic-career-advice,138,0,1,0,0
2019-03-30,topic-career-advice,148,0,1,1,0
2019-04-04,topic-career-advice,82,1,0,0,0
2019-03-07,topic-data-art,1063,24,0,3,1
2019-03-08,topic-data-art,11815,26,37,30,17
2019-03-09,topic-data-art,868,3,5,4,1
2019-03-10,topic-data-art,586,1,3,3,0
2019-03-11,topic-data-art,137,2,1,0,0
2019-03-12,topic-data-art,1950,3,9,8,2
2019-03-13,topic-data-art,806,1,6,4,2
2019-03-14,topic-data-art,211,1,3,2,0
2019-03-15,topic-data-art,1476,7,9,13,3
2019-03-16,topic-data-art,567,2,7,4,2
2019-03-17,topic-data-art,511,0,2,2,1
2019-03-18,topic-data-art,1640,2,1,2,1
2019-03-19,topic-data-art,3073,4,6,4,3
2019-03-20,topic-data-art,5974,7,16,6,3
2019-03-21,topic-data-art,4424,3,12,6,4
2019-03-22,topic-data-art,154,1,1,1,1
2019-03-23,topic-data-art,119,1,0,0,1
2019-03-24,topic-data-art,2450,2,5,10,1
2019-03-25,topic-data-art,1565,2,8,8,3
2019-03-27,topic-data-art,681,0,5,4,1
2019-03-28,topic-data-art,466,1,1,1,1
2019-03-29,topic-data-art,397,2,2,6,1
2019-03-31,topic-data-art,310,2,2,2,3
2019-04-01,topic-data-art,7,0,1,0,0
2019-04-03,topic-data-art,138,0,2,1,0
2019-04-04,topic-data-art,478,2,3,1,0
2019-04-05,topic-data-art,669,3,2,1,4
2019-04-06,topic-data-art,583,1,1,3,1
2019-03-02,topic-data-literacy,2805,26,2,5,0
2019-03-03,topic-data-literacy,1304,1,9,3,0
2019-03-04,topic-data-literacy,136,0,2,3,0
2019-03-05,topic-data-literacy,2470,3,10,9,2
2019-03-06,topic-data-literacy,315,1,1,3,1
2019-03-08,topic-data-literacy,2506,6,4,3,0
2019-03-09,topic-data-literacy,1564,0,4,4,0
2019-03-13,topic-data-literacy,633,1,2,0,0
2019-03-14,topic-data-literacy,397,1,2,2,0
2019-03-15,topic-data-literacy,903,1,3,1,0
2019-03-16,topic-data-literacy,691,1,2,0,0
2019-03-18,topic-data-literacy,2811,2,7,4,1
2019-03-19,topic-data-literacy,1795,0,6,3,1
2019-03-21,topic-data-literacy,1342,0,2,1,0
2019-03-27,topic-data-literacy,727,0,4,0,0
2019-04-04,topic-data-literacy,82,1,0,0,0
2019-04-04,topic-data-processing,601,14,0,0,0
2019-04-05,topic-data-processing,105,3,0,0,0
2019-04-06,topic-data-processing,35,1,0,0,0
2019-04-07,topic-data-processing,70,2,0,0,0
2019-03-05,topic-data-resources,822,21,0,1,0
2019-03-06,topic-data-resources,3172,5,9,9,2
2019-03-07,topic-data-resources,1768,3,2,2,2
2019-03-08,topic-data-resources,1254,0,1,1,0
2019-03-09,topic-data-resources,881,0,5,0,0
2019-03-10,topic-data-resources,2144,4,2,11,2
2019-03-11,topic-data-resources,466,1,4,1,4
2019-03-18,topic-data-resources,244,2,1,1,2
2019-03-19,topic-data-resources,335,1,2,0,0
2019-03-21,topic-data-resources,247,1,0,1,1
2019-03-22,topic-data-resources,478,2,2,1,0
2019-03-25,topic-data-resources,807,1,4,0,1
2019-03-26,topic-data-resources,282,1,1,1,1
2019-03-27,topic-data-resources,295,1,0,2,1
2019-04-02,topic-data-resources,214,1,1,2,1
2019-04-04,topic-data-resources,78,1,0,0,0
2019-04-04,topic-dynamic-data,645,16,0,0,0
2019-04-05,topic-dynamic-data,105,3,0,0,0
2019-04-06,topic-dynamic-data,35,1,0,0,0
2019-04-07,topic-dynamic-data,209,2,0,0,1
2019-04-04,topic-health,1650,25,2,8,0
2019-04-05,topic-health,61,1,2,0,0
2019-04-06,topic-health,691,1,0,1,0
2019-04-07,topic-health,203,0,1,1,1
2019-02-27,topic-historical-viz,3790,27,20,6,8
2019-02-28,topic-historical-viz,4361,17,16,4,4
2019-03-01,topic-historical-viz,5060,11,21,13,5
2019-03-02,topic-historical-viz,5411,5,22,6,3
2019-03-03,topic-historical-viz,3517,5,24,6,3
2019-03-04,topic-historical-viz,2433,6,9,8,2
2019-03-05,topic-historical-viz,15089,17,127,30,7
2019-03-06,topic-historical-viz,3251,4,15,13,3
2019-03-07,topic-historical-viz,11607,14,64,26,5
2019-03-08,topic-historical-viz,8836,5,34,13,2
2019-03-09,topic-historical-viz,7685,6,44,10,5
2019-03-10,topic-historical-viz,1862,3,8,7,1
2019-03-11,topic-historical-viz,6603,5,36,14,6
2019-03-12,topic-historical-viz,4711,7,35,12,2
2019-03-13,topic-historical-viz,4438,6,16,9,2
2019-03-14,topic-historical-viz,2946,5,19,11,3
2019-03-15,topic-historical-viz,8237,3,55,12,8
2019-03-16,topic-historical-viz,1905,2,8,1,1
2019-03-17,topic-historical-viz,5953,4,26,8,5
2019-03-18,topic-historical-viz,3183,3,24,6,5
2019-03-19,topic-historical-viz,1673,2,12,9,0
2019-03-20,topic-historical-viz,2577,3,20,16,0
2019-03-21,topic-historical-viz,6267,2,49,7,5
2019-03-22,topic-historical-viz,9859,10,76,15,6
2019-03-23,topic-historical-viz,2416,4,8,5,4
2019-03-24,topic-historical-viz,7160,4,52,17,2
2019-03-25,topic-historical-viz,4489,1,18,5,0
2019-03-26,topic-historical-viz,5887,2,31,7,2
2019-03-27,topic-historical-viz,11598,8,76,28,5
2019-03-28,topic-historical-viz,4160,5,14,9,2
2019-03-29,topic-historical-viz,3717,3,11,6,0
2019-03-30,topic-historical-viz,333,1,1,1,0
2019-03-31,topic-historical-viz,2481,6,12,8,2
2019-04-01,topic-historical-viz,3886,3,9,4,1
2019-04-02,topic-historical-viz,16930,4,53,21,3
2019-04-03,topic-historical-viz,13970,5,50,25,4
2019-04-04,topic-historical-viz,9816,13,41,14,8
2019-04-05,topic-historical-viz,16692,8,77,16,7
2019-04-06,topic-historical-viz,4736,3,25,4,1
2019-04-07,topic-historical-viz,3575,4,33,12,2
2019-03-20,topic-interactivity,854,21,0,0,0
2019-03-22,topic-interactivity,358,1,0,1,0
2019-03-23,topic-interactivity,371,0,1,1,0
2019-03-25,topic-interactivity,785,0,1,1,1
2019-03-26,topic-interactivity,2244,1,11,1,2
2019-03-27,topic-interactivity,406,0,1,0,0
2019-03-28,topic-interactivity,781,0,3,0,1
2019-04-04,topic-interactivity,82,1,0,0,0
2019-04-05,topic-interactivity,77,0,1,0,1
2019-04-06,topic-interactivity,975,1,0,0,0
2019-04-07,topic-interactivity,824,0,3,0,0
2019-03-20,topic-machine-learnin,873,22,0,0,0
2019-03-22,topic-machine-learnin,5250,4,8,1,4
2019-03-23,topic-machine-learnin,1025,0,4,0,0
2019-03-25,topic-machine-learnin,722,0,1,0,0
2019-03-26,topic-machine-learnin,204,2,1,4,0
2019-04-04,topic-machine-learnin,180,3,0,1,1
2019-04-05,topic-machine-learnin,110,0,2,0,0
2019-03-05,topic-mapping,2191,25,6,4,3
2019-03-06,topic-mapping,3845,8,3,9,1
2019-03-07,topic-mapping,305,1,1,1,0
2019-03-08,topic-mapping,2788,4,8,6,2
2019-03-11,topic-mapping,29,0,1,0,0
2019-03-12,topic-mapping,202,1,0,1,0
2019-03-13,topic-mapping,1771,1,4,4,3
2019-03-14,topic-mapping,2795,3,4,6,2
2019-03-15,topic-mapping,899,2,3,1,1
2019-03-16,topic-mapping,350,0,1,0,0
2019-03-17,topic-mapping,891,1,4,4,1
2019-03-18,topic-mapping,995,3,1,3,2
2019-03-19,topic-mapping,47,0,1,0,0
2019-03-20,topic-mapping,448,2,1,2,2
2019-03-21,topic-mapping,144,0,2,0,0
2019-03-22,topic-mapping,230,1,2,1,1
2019-03-23,topic-mapping,175,1,0,2,0
2019-03-24,topic-mapping,36,0,1,1,0
2019-03-25,topic-mapping,88,0,1,0,1
2019-03-27,topic-mapping,133,1,0,3,0
2019-03-28,topic-mapping,846,2,2,2,0
2019-03-29,topic-mapping,353,0,2,0,0
2019-03-30,topic-mapping,119,0,1,0,0
2019-03-31,topic-mapping,1055,3,3,1,1
2019-04-01,topic-mapping,1802,1,9,2,3
2019-04-02,topic-mapping,1392,3,5,5,1
2019-04-03,topic-mapping,487,0,2,1,1
2019-04-04,topic-mapping,1818,3,6,5,2
2019-04-05,topic-mapping,624,0,4,2,2
2019-04-07,topic-mapping,188,0,1,0,0
2019-03-08,topic-networks,4435,30,15,7,6
2019-03-10,topic-networks,687,1,0,1,1
2019-03-11,topic-networks,641,3,1,0,0
2019-03-12,topic-networks,798,4,0,0,0
2019-03-13,topic-networks,307,1,2,1,1
2019-03-14,topic-networks,2506,3,7,1,2
2019-03-15,topic-networks,631,0,3,0,0
2019-03-17,topic-networks,54,0,1,0,0
2019-03-19,topic-networks,548,1,2,0,0
2019-03-20,topic-networks,147,0,2,0,0
2019-03-21,topic-networks,168,0,1,0,0
2019-03-22,topic-networks,257,0,2,0,0
2019-03-24,topic-networks,234,1,2,1,0
2019-03-25,topic-networks,348,2,3,0,1
2019-03-26,topic-networks,581,1,6,0,0
2019-03-28,topic-networks,431,0,2,0,0
2019-03-29,topic-networks,1534,1,6,0,1
2019-03-30,topic-networks,845,2,1,0,0
2019-03-31,topic-networks,655,0,1,0,0
2019-04-01,topic-networks,257,0,1,0,0
2019-04-02,topic-networks,54,0,1,0,0
2019-04-03,topic-networks,98,0,1,0,0
2019-04-04,topic-networks,1431,2,7,1,0
2019-03-20,topic-research,965,22,0,1,0
2019-03-21,topic-research,837,5,0,3,0
2019-03-22,topic-research,552,1,0,1,0
2019-03-25,topic-research,819,1,0,1,1
2019-03-26,topic-research,7940,4,16,10,1
2019-03-27,topic-research,8231,4,17,10,2
2019-03-28,topic-research,6172,7,10,10,2
2019-03-29,topic-research,358,0,1,0,0
2019-03-30,topic-research,167,2,1,2,0
2019-03-31,topic-research,335,2,5,1,2
2019-04-01,topic-research,688,0,5,0,0
2019-04-02,topic-research,3459,1,25,1,4
2019-04-03,topic-research,803,1,2,4,1
2019-04-04,topic-research,622,1,4,3,0
2019-03-05,topic-sports-viz,1142,22,0,2,1
2019-03-06,topic-sports-viz,1194,8,6,6,2
2019-03-07,topic-sports-viz,5953,6,24,16,4
2019-03-08,topic-sports-viz,2515,3,8,1,3
2019-03-10,topic-sports-viz,931,1,2,1,2
2019-03-11,topic-sports-viz,139,0,1,0,0
2019-03-12,topic-sports-viz,154,1,2,2,0
2019-03-14,topic-sports-viz,85,0,1,0,0
2019-03-17,topic-sports-viz,25,1,0,0,0
2019-03-18,topic-sports-viz,1402,1,5,0,1
2019-03-19,topic-sports-viz,2208,3,10,3,4
2019-03-20,topic-sports-viz,802,1,3,2,2
2019-03-21,topic-sports-viz,622,3,1,7,1
2019-03-24,topic-sports-viz,164,1,0,0,0
2019-03-26,topic-sports-viz,158,0,1,0,0
2019-03-27,topic-sports-viz,930,1,5,1,2
2019-03-28,topic-sports-viz,277,0,4,1,1
2019-03-29,topic-sports-viz,196,1,3,2,0
2019-04-03,topic-sports-viz,1621,1,4,1,0
2019-04-04,topic-sports-viz,76,1,0,0,0
2019-04-06,topic-sports-viz,124,1,0,1,1
2019-04-04,topic-storytelling,990,22,0,2,0
2019-04-07,topic-storytelling,30,1,0,1,0
2019-03-06,topic-teaching,9384,68,5,29,2
2019-03-07,topic-teaching,4662,5,21,14,2
2019-03-08,topic-teaching,9276,7,29,12,6
2019-03-09,topic-teaching,640,1,2,2,0
2019-03-11,topic-teaching,1490,2,3,1,0
2019-03-12,topic-teaching,533,1,0,1,0
2019-03-13,topic-teaching,3487,1,12,6,1
2019-03-14,topic-teaching,4830,10,19,12,1
2019-03-15,topic-teaching,2583,1,9,6,2
2019-03-17,topic-teaching,1453,0,7,1,0
2019-03-18,topic-teaching,3279,2,6,0,1
2019-03-19,topic-teaching,8157,1,22,9,2
2019-03-20,topic-teaching,718,1,1,1,0
2019-03-21,topic-teaching,1495,1,3,3,1
2019-03-22,topic-teaching,3423,2,9,8,1
2019-03-23,topic-teaching,173,0,1,0,0
2019-03-26,topic-teaching,317,0,2,0,0
2019-03-27,topic-teaching,601,1,7,0,0
2019-03-28,topic-teaching,267,2,3,1,0
2019-03-29,topic-teaching,232,0,1,0,0
2019-04-01,topic-teaching,70,2,0,0,0
2019-04-02,topic-teaching,172,0,1,0,0
2019-04-04,topic-teaching,322,1,4,1,1
2019-04-05,topic-teaching,187,0,3,0,0
2019-04-04,topic-temporal,635,14,0,1,0
2019-04-05,topic-temporal,1924,5,6,3,5
2019-04-06,topic-temporal,70,2,0,0,0
2019-04-07,topic-temporal,70,2,0,0,0
2019-02-28,topic-terminology,473,11,0,0,0
2019-03-01,topic-terminology,1446,12,6,4,1
2019-03-02,topic-terminology,370,1,1,3,0
2019-03-03,topic-terminology,3824,5,27,7,0
2019-03-04,topic-terminology,972,1,7,4,1
2019-03-05,topic-terminology,854,0,5,1,0
2019-03-06,topic-terminology,820,1,7,4,1
2019-03-07,topic-terminology,765,1,11,4,0
2019-03-09,topic-terminology,155,0,4,2,0
2019-03-11,topic-terminology,180,0,3,0,0
2019-03-13,topic-terminology,247,1,1,1,1
2019-03-14,topic-terminology,4437,10,13,5,2
2019-03-15,topic-terminology,2893,1,14,5,2
2019-04-04,topic-terminology,78,1,0,0,0
2019-03-08,topic-text-analytics,9387,33,24,14,4
2019-03-09,topic-text-analytics,37,0,1,0,0
2019-03-10,topic-text-analytics,3396,1,13,4,1
2019-03-11,topic-text-analytics,188,2,2,1,2
2019-03-15,topic-text-analytics,83,2,0,1,0
2019-03-27,topic-text-analytics,289,1,1,0,1
2019-03-29,topic-text-analytics,65,1,0,1,1
2019-04-04,topic-text-analytics,84,1,0,0,0
2019-04-04,topic-weather-climate,2014,26,3,4,2
2019-04-05,topic-weather-climate,1645,3,10,4,2
2019-04-04,topic-xenographics,1626,26,1,2,0
2019-04-05,topic-xenographics,780,3,3,3,1
2019-04-06,topic-xenographics,68,0,1,0,0
